[
  {
    "id": "9f5a19e4-534d-4105-9156-a1878420c161",
    "data": [
      {
        "text": "can I amend my entry",
        "userDefined": false
      }
    ],
    "isTemplate": false,
    "count": 0,
    "lang": "en",
    "updated": 0
  },
  {
    "id": "25854ace-6855-45fa-bf36-7ddba7708406",
    "data": [
      {
        "text": "can I amend my previous input",
        "userDefined": false
      }
    ],
    "isTemplate": false,
    "count": 0,
    "lang": "en",
    "updated": 0
  },
  {
    "id": "648df825-1595-4ab5-8574-d272e179fdb9",
    "data": [
      {
        "text": "can I redo my order",
        "userDefined": false
      }
    ],
    "isTemplate": false,
    "count": 0,
    "lang": "en",
    "updated": 0
  },
  {
    "id": "6125ec54-77ce-4359-9387-6149610754e0",
    "data": [
      {
        "text": "I don\u0027t want that",
        "userDefined": false
      }
    ],
    "isTemplate": false,
    "count": 0,
    "lang": "en",
    "updated": 0
  },
  {
    "id": "20fb63fd-a512-43d3-9ee4-26f630422efb",
    "data": [
      {
        "text": "no",
        "userDefined": false
      }
    ],
    "isTemplate": false,
    "count": 0,
    "lang": "en",
    "updated": 0
  },
  {
    "id": "1109a6c0-c982-41ac-9187-f8ef0d3eaa84",
    "data": [
      {
        "text": "re-order again",
        "userDefined": false
      }
    ],
    "isTemplate": false,
    "count": 0,
    "lang": "en",
    "updated": 0
  },
  {
    "id": "f4adc67b-2ebe-4acc-88c0-db7d480e3201",
    "data": [
      {
        "text": "actually I don\u0027t really want this",
        "userDefined": false
      }
    ],
    "isTemplate": false,
    "count": 0,
    "lang": "en",
    "updated": 0
  },
  {
    "id": "73cbde48-695c-447a-8ec5-8fb8952fb056",
    "data": [
      {
        "text": "I\u0027d like something else",
        "userDefined": false
      }
    ],
    "isTemplate": false,
    "count": 0,
    "lang": "en",
    "updated": 0
  },
  {
    "id": "543dce15-f58d-4552-b235-682896aa4467",
    "data": [
      {
        "text": "order something else instead",
        "userDefined": false
      }
    ],
    "isTemplate": false,
    "count": 0,
    "lang": "en",
    "updated": 0
  },
  {
    "id": "547d9fb0-e35c-4515-be35-a39fc769e13b",
    "data": [
      {
        "text": "amend my order",
        "userDefined": false
      }
    ],
    "isTemplate": false,
    "count": 0,
    "lang": "en",
    "updated": 0
  },
  {
    "id": "96251da3-9cdc-4fdc-9793-bc467efe45b3",
    "data": [
      {
        "text": "can I change my order",
        "userDefined": false
      }
    ],
    "isTemplate": false,
    "count": 0,
    "lang": "en",
    "updated": 0
  },
  {
    "id": "b836b0b4-d535-4f22-b7d2-950cc5a504ce",
    "data": [
      {
        "text": "I would like to change my order",
        "userDefined": false
      }
    ],
    "isTemplate": false,
    "count": 0,
    "lang": "en",
    "updated": 0
  }
]