[
  {
    "id": "d8867365-5a76-4068-a154-fd6acef1ec4a",
    "data": [
      {
        "text": "can I edit my previous input",
        "userDefined": false
      }
    ],
    "isTemplate": false,
    "count": 0,
    "lang": "en",
    "updated": 0
  },
  {
    "id": "b585c4de-2b4b-4a33-9a38-c960a603594a",
    "data": [
      {
        "text": "can I amend my entry",
        "userDefined": false
      }
    ],
    "isTemplate": false,
    "count": 0,
    "lang": "en",
    "updated": 0
  },
  {
    "id": "03900bee-3f0b-462a-b64e-a863d54bba94",
    "data": [
      {
        "text": "sorry I made a wrong choice, can I change",
        "userDefined": false
      }
    ],
    "isTemplate": false,
    "count": 0,
    "lang": "en",
    "updated": 0
  },
  {
    "id": "c680404c-035f-4c6e-89fb-bab1b1ce9d84",
    "data": [
      {
        "text": "I want to collect or pick-up from another outlet",
        "userDefined": false
      }
    ],
    "isTemplate": false,
    "count": 0,
    "lang": "en",
    "updated": 0
  },
  {
    "id": "4147c502-40e9-4ce5-a465-ac34cd7f7f27",
    "data": [
      {
        "text": "change outlet",
        "userDefined": false
      }
    ],
    "isTemplate": false,
    "count": 0,
    "lang": "en",
    "updated": 0
  },
  {
    "id": "82fcf405-77dd-44ba-8bb0-71ba28fafe77",
    "data": [
      {
        "text": "may I edit the pickup location",
        "userDefined": false
      }
    ],
    "isTemplate": false,
    "count": 0,
    "lang": "en",
    "updated": 0
  },
  {
    "id": "3eeb11b6-2999-40e7-ab1e-d086f0e30046",
    "data": [
      {
        "text": "is it possible to change my pickup location?",
        "userDefined": false
      }
    ],
    "isTemplate": false,
    "count": 0,
    "lang": "en",
    "updated": 0
  },
  {
    "id": "3b688c5a-fdae-48f4-877e-1069d6198cec",
    "data": [
      {
        "text": "wrong",
        "userDefined": false
      }
    ],
    "isTemplate": false,
    "count": 0,
    "lang": "en",
    "updated": 0
  },
  {
    "id": "e9f413c9-1411-41bf-8694-a3d63d180017",
    "data": [
      {
        "text": "no",
        "userDefined": false
      }
    ],
    "isTemplate": false,
    "count": 0,
    "lang": "en",
    "updated": 0
  }
]