[
  {
    "id": "7b1d1119-fe9e-4170-af6e-d20dbc3f300d",
    "data": [
      {
        "text": "can I amend my previous entry",
        "userDefined": false
      }
    ],
    "isTemplate": false,
    "count": 0,
    "lang": "en",
    "updated": 0
  },
  {
    "id": "d64563db-cd32-43a8-bf57-58c55fee8c5a",
    "data": [
      {
        "text": "can I amend my previous input",
        "userDefined": false
      }
    ],
    "isTemplate": false,
    "count": 0,
    "lang": "en",
    "updated": 0
  },
  {
    "id": "dd91aa10-602f-4d42-95f1-e288f218d47a",
    "data": [
      {
        "text": "wrong",
        "userDefined": false
      }
    ],
    "isTemplate": false,
    "count": 0,
    "lang": "en",
    "updated": 0
  },
  {
    "id": "8d803f07-ca07-4e82-b8cb-9c43d65d2253",
    "data": [
      {
        "text": "no",
        "userDefined": false
      }
    ],
    "isTemplate": false,
    "count": 0,
    "lang": "en",
    "updated": 0
  },
  {
    "id": "fb1f5bde-4cde-4adb-9589-899ad2151c92",
    "data": [
      {
        "text": "is it possible to change my delivery?",
        "userDefined": false
      }
    ],
    "isTemplate": false,
    "count": 0,
    "lang": "en",
    "updated": 0
  },
  {
    "id": "05e13490-be28-45cf-b3ed-361e735b174b",
    "data": [
      {
        "text": "may I edit my address?",
        "userDefined": false
      }
    ],
    "isTemplate": false,
    "count": 0,
    "lang": "en",
    "updated": 0
  },
  {
    "id": "6650f61a-25eb-46e1-bee5-2b03c7519429",
    "data": [
      {
        "text": "I made a typo, can I amend?",
        "userDefined": false
      }
    ],
    "isTemplate": false,
    "count": 0,
    "lang": "en",
    "updated": 0
  },
  {
    "id": "55b6280a-37cc-4ebd-97da-68758a012c01",
    "data": [
      {
        "text": "sorry I keyed in the wrong address",
        "userDefined": false
      }
    ],
    "isTemplate": false,
    "count": 0,
    "lang": "en",
    "updated": 0
  },
  {
    "id": "9901261c-39de-419e-ac46-36b38d7e7699",
    "data": [
      {
        "text": "may I send my other to a different location?",
        "userDefined": false
      }
    ],
    "isTemplate": false,
    "count": 0,
    "lang": "en",
    "updated": 0
  },
  {
    "id": "b3213018-9c61-42ba-a96f-9219a1d24335",
    "data": [
      {
        "text": "change location",
        "userDefined": false
      }
    ],
    "isTemplate": false,
    "count": 0,
    "lang": "en",
    "updated": 0
  },
  {
    "id": "1f710456-2259-4190-b474-764c9644a06c",
    "data": [
      {
        "text": "another address",
        "userDefined": false
      }
    ],
    "isTemplate": false,
    "count": 0,
    "lang": "en",
    "updated": 0
  },
  {
    "id": "53f04bc1-0cd9-4dd2-a970-3e3ee4856fea",
    "data": [
      {
        "text": "I\u0027d like to send my order to another place please",
        "userDefined": false
      }
    ],
    "isTemplate": false,
    "count": 0,
    "lang": "en",
    "updated": 0
  },
  {
    "id": "5ead2833-9c5b-46a9-9696-535240463faa",
    "data": [
      {
        "text": "can I change my address?",
        "userDefined": false
      }
    ],
    "isTemplate": false,
    "count": 0,
    "lang": "en",
    "updated": 0
  }
]