[
  {
    "id": "fe8bc489-bedf-4a2e-8ea0-529df59de36b",
    "data": [
      {
        "text": "noted",
        "userDefined": false
      }
    ],
    "isTemplate": false,
    "count": 0,
    "lang": "en",
    "updated": 0
  },
  {
    "id": "bed92e7b-b2d7-4f13-998e-65562800d3e3",
    "data": [
      {
        "text": "ok noted on the timing",
        "userDefined": false
      }
    ],
    "isTemplate": false,
    "count": 0,
    "lang": "en",
    "updated": 0
  },
  {
    "id": "306c23db-55fb-4813-b48e-b8879e7e820a",
    "data": [
      {
        "text": "perfect, my location and pick-up looks good",
        "userDefined": false
      }
    ],
    "isTemplate": false,
    "count": 0,
    "lang": "en",
    "updated": 0
  },
  {
    "id": "d8eef445-0c5c-4ac1-9e3e-60c43aa38822",
    "data": [
      {
        "text": "ok that\u0027s great",
        "userDefined": false
      }
    ],
    "isTemplate": false,
    "count": 0,
    "lang": "en",
    "updated": 0
  },
  {
    "id": "d3babb8a-76db-4c9c-8b69-cbd98e0332f3",
    "data": [
      {
        "text": "gerat",
        "userDefined": false
      }
    ],
    "isTemplate": false,
    "count": 0,
    "lang": "en",
    "updated": 0
  },
  {
    "id": "1f0584ff-7353-4303-9e17-de592ad1a711",
    "data": [
      {
        "text": "yep",
        "userDefined": false
      }
    ],
    "isTemplate": false,
    "count": 0,
    "lang": "en",
    "updated": 0
  },
  {
    "id": "1b86619c-295a-427e-87dd-0d938e2f04a6",
    "data": [
      {
        "text": "good",
        "userDefined": false
      }
    ],
    "isTemplate": false,
    "count": 0,
    "lang": "en",
    "updated": 0
  },
  {
    "id": "83463039-d0f1-453a-8528-e1845889b2b3",
    "data": [
      {
        "text": "all set",
        "userDefined": false
      }
    ],
    "isTemplate": false,
    "count": 0,
    "lang": "en",
    "updated": 0
  },
  {
    "id": "1c0148f5-e2b5-490b-bf82-59be9f44f4a6",
    "data": [
      {
        "text": "perfect",
        "userDefined": false
      }
    ],
    "isTemplate": false,
    "count": 0,
    "lang": "en",
    "updated": 0
  },
  {
    "id": "1a9738a8-a716-40d7-8ec6-1faf0bca37b3",
    "data": [
      {
        "text": "correct",
        "userDefined": false
      }
    ],
    "isTemplate": false,
    "count": 0,
    "lang": "en",
    "updated": 0
  },
  {
    "id": "744b9f30-dbeb-45ae-915e-1b3b301bfe28",
    "data": [
      {
        "text": "that\u0027s right",
        "userDefined": false
      }
    ],
    "isTemplate": false,
    "count": 0,
    "lang": "en",
    "updated": 0
  },
  {
    "id": "d41909fe-b351-4d49-bf92-6d50c1c52fd8",
    "data": [
      {
        "text": "yes",
        "userDefined": false
      }
    ],
    "isTemplate": false,
    "count": 0,
    "lang": "en",
    "updated": 0
  }
]