[
  {
    "id": "332f0081-a58a-4d61-8873-a3538f9b7767",
    "data": [
      {
        "text": "great",
        "userDefined": false
      }
    ],
    "isTemplate": false,
    "count": 0,
    "lang": "en",
    "updated": 0
  },
  {
    "id": "4136207f-975a-4956-915a-8511b036b698",
    "data": [
      {
        "text": "perfect",
        "userDefined": false
      }
    ],
    "isTemplate": false,
    "count": 0,
    "lang": "en",
    "updated": 0
  },
  {
    "id": "47fff983-b854-4a07-bd51-cef1c3b2390d",
    "data": [
      {
        "text": "yes",
        "userDefined": false
      }
    ],
    "isTemplate": false,
    "count": 0,
    "lang": "en",
    "updated": 0
  },
  {
    "id": "bb3efed3-3358-41a4-8968-a42c1e40209b",
    "data": [
      {
        "text": "that\u0027s right",
        "userDefined": false
      }
    ],
    "isTemplate": false,
    "count": 0,
    "lang": "en",
    "updated": 0
  },
  {
    "id": "231776e8-6a1d-417a-aab7-ff7cd7c500f4",
    "data": [
      {
        "text": "it\u0027s right",
        "userDefined": false
      }
    ],
    "isTemplate": false,
    "count": 0,
    "lang": "en",
    "updated": 0
  },
  {
    "id": "a5ec45df-1917-4bc2-b455-f833cd68341a",
    "data": [
      {
        "text": "it\u0027s correct",
        "userDefined": false
      }
    ],
    "isTemplate": false,
    "count": 0,
    "lang": "en",
    "updated": 0
  },
  {
    "id": "7ef4d45c-e58e-44b3-a4c9-d206787bea6d",
    "data": [
      {
        "text": "my order is correct",
        "userDefined": false
      }
    ],
    "isTemplate": false,
    "count": 0,
    "lang": "en",
    "updated": 0
  },
  {
    "id": "3261bfff-a2e7-4a02-ae65-484afbb12d7a",
    "data": [
      {
        "text": "yes that\u0027s correct",
        "userDefined": false
      }
    ],
    "isTemplate": false,
    "count": 0,
    "lang": "en",
    "updated": 0
  }
]