[
  {
    "id": "4c0f53da-6465-435a-b920-dbbb64cb3d2c",
    "data": [
      {
        "text": "noted",
        "userDefined": false
      }
    ],
    "isTemplate": false,
    "count": 0,
    "lang": "en",
    "updated": 0
  },
  {
    "id": "031fdabf-eb90-4251-9432-a6435b9c7cea",
    "data": [
      {
        "text": "great",
        "userDefined": false
      }
    ],
    "isTemplate": false,
    "count": 0,
    "lang": "en",
    "updated": 0
  },
  {
    "id": "a6297204-e81d-4f8c-852d-19332523c3e8",
    "data": [
      {
        "text": "perfect",
        "userDefined": false
      }
    ],
    "isTemplate": false,
    "count": 0,
    "lang": "en",
    "updated": 0
  },
  {
    "id": "86bc8c9d-a422-46e6-9838-25a5949df9db",
    "data": [
      {
        "text": "yes",
        "userDefined": false
      }
    ],
    "isTemplate": false,
    "count": 0,
    "lang": "en",
    "updated": 0
  },
  {
    "id": "acd4500b-0863-463f-b11f-a8fc69d31e6c",
    "data": [
      {
        "text": "please proceed with delivery, thanks",
        "userDefined": false
      }
    ],
    "isTemplate": false,
    "count": 0,
    "lang": "en",
    "updated": 0
  },
  {
    "id": "452dda46-f3bb-4183-9e54-2e9da7d1a065",
    "data": [
      {
        "text": "correct",
        "userDefined": false
      }
    ],
    "isTemplate": false,
    "count": 0,
    "lang": "en",
    "updated": 0
  },
  {
    "id": "f4cbb484-5a02-4e27-a968-ee2d2b88bb42",
    "data": [
      {
        "text": "that\u0027s right",
        "userDefined": false
      }
    ],
    "isTemplate": false,
    "count": 0,
    "lang": "en",
    "updated": 0
  },
  {
    "id": "e4edc524-eed8-4ee0-ad2e-a2b4767be5aa",
    "data": [
      {
        "text": "ok that\u0027s great!",
        "userDefined": false
      }
    ],
    "isTemplate": false,
    "count": 0,
    "lang": "en",
    "updated": 0
  },
  {
    "id": "e23ff997-81c5-4c48-9857-5eead9ad36f7",
    "data": [
      {
        "text": "perfect, my delivery address looks correct",
        "userDefined": false
      }
    ],
    "isTemplate": false,
    "count": 0,
    "lang": "en",
    "updated": 0
  },
  {
    "id": "190a3db4-9a5c-4c0e-9a38-2c464a91f879",
    "data": [
      {
        "text": "yes that\u0027s correct",
        "userDefined": false
      }
    ],
    "isTemplate": false,
    "count": 0,
    "lang": "en",
    "updated": 0
  }
]