[
  {
    "id": "1eb943ae-b29e-471f-a12e-bb1ec3a0202f",
    "data": [
      {
        "text": "take my order please",
        "userDefined": false
      }
    ],
    "isTemplate": false,
    "count": 0,
    "lang": "en",
    "updated": 0
  },
  {
    "id": "64c045c7-b5b2-47b4-bacf-678e69da0cbc",
    "data": [
      {
        "text": "I want to order",
        "userDefined": false
      }
    ],
    "isTemplate": false,
    "count": 0,
    "lang": "en",
    "updated": 0
  },
  {
    "id": "97774433-3165-4e1a-8d63-8469ab3a1ed1",
    "data": [
      {
        "text": "I\u0027d like some rice",
        "userDefined": false
      }
    ],
    "isTemplate": false,
    "count": 0,
    "lang": "en",
    "updated": 0
  },
  {
    "id": "70466d45-e958-427d-9bcb-528ffb431eeb",
    "data": [
      {
        "text": "I\u0027d like some noodles",
        "userDefined": false
      }
    ],
    "isTemplate": false,
    "count": 0,
    "lang": "en",
    "updated": 0
  },
  {
    "id": "45b635ed-8988-4e2f-9783-61aa29491e37",
    "data": [
      {
        "text": "I want to make an order",
        "userDefined": false
      }
    ],
    "isTemplate": false,
    "count": 0,
    "lang": "en",
    "updated": 0
  },
  {
    "id": "c4ee7bbf-7ee6-4ab4-b007-d2d239d3ce1c",
    "data": [
      {
        "text": "how to order",
        "userDefined": false
      }
    ],
    "isTemplate": false,
    "count": 0,
    "lang": "en",
    "updated": 0
  },
  {
    "id": "cc2179fe-2aa8-444d-9a62-a814bf803052",
    "data": [
      {
        "text": "how can place an order?",
        "userDefined": false
      }
    ],
    "isTemplate": false,
    "count": 0,
    "lang": "en",
    "updated": 0
  },
  {
    "id": "67451c42-bf43-4ea0-9b05-7d3bf4d93520",
    "data": [
      {
        "text": "what do you offer?",
        "userDefined": false
      }
    ],
    "isTemplate": false,
    "count": 0,
    "lang": "en",
    "updated": 0
  },
  {
    "id": "062efe52-bfcb-466e-80ed-4c9f515c2039",
    "data": [
      {
        "text": "what can I eat",
        "userDefined": false
      }
    ],
    "isTemplate": false,
    "count": 0,
    "lang": "en",
    "updated": 0
  },
  {
    "id": "fb83df5c-f0dc-4226-aa89-c4e5e7801285",
    "data": [
      {
        "text": "what do you serve?",
        "userDefined": false
      }
    ],
    "isTemplate": false,
    "count": 0,
    "lang": "en",
    "updated": 0
  },
  {
    "id": "a1e4308c-e4f3-4973-bf4f-bc8607b792e5",
    "data": [
      {
        "text": "can I see your menu?",
        "userDefined": false
      }
    ],
    "isTemplate": false,
    "count": 0,
    "lang": "en",
    "updated": 0
  },
  {
    "id": "06eb6afb-45aa-424c-9e5e-16311b36832c",
    "data": [
      {
        "text": "what do you sell?",
        "userDefined": false
      }
    ],
    "isTemplate": false,
    "count": 0,
    "lang": "en",
    "updated": 0
  },
  {
    "id": "d31eca09-b2c4-4426-9669-47f69e861d06",
    "data": [
      {
        "text": "what kinds of foods do you have?",
        "userDefined": false
      }
    ],
    "isTemplate": false,
    "count": 0,
    "lang": "en",
    "updated": 0
  },
  {
    "id": "7f614ffa-5db2-46e3-8131-08a8f0a0b5d2",
    "data": [
      {
        "text": "what type of foods do you have?",
        "userDefined": false
      }
    ],
    "isTemplate": false,
    "count": 0,
    "lang": "en",
    "updated": 0
  },
  {
    "id": "24b62ca1-77cd-4398-b91d-b895990fd7f7",
    "data": [
      {
        "text": "what food is there?",
        "userDefined": false
      }
    ],
    "isTemplate": false,
    "count": 0,
    "lang": "en",
    "updated": 0
  },
  {
    "id": "d72e6ea5-83dd-41c5-8a11-ae87db8062d7",
    "data": [
      {
        "text": "what do you have available?",
        "userDefined": false
      }
    ],
    "isTemplate": false,
    "count": 0,
    "lang": "en",
    "updated": 0
  },
  {
    "id": "276baed9-bd68-4e26-b028-d2426621bc2e",
    "data": [
      {
        "text": "what\u0027s on the menu?",
        "userDefined": false
      }
    ],
    "isTemplate": false,
    "count": 0,
    "lang": "en",
    "updated": 0
  }
]