[
  {
    "id": "92030404-0ea2-4bff-8824-10646728b994",
    "data": [
      {
        "text": "self",
        "userDefined": false
      }
    ],
    "isTemplate": false,
    "count": 0,
    "lang": "en",
    "updated": 0
  },
  {
    "id": "e20d6181-fb0c-42c7-ab14-19c3798f5d35",
    "data": [
      {
        "text": "Without delivery",
        "userDefined": false
      }
    ],
    "isTemplate": false,
    "count": 0,
    "lang": "en",
    "updated": 0
  },
  {
    "id": "6a2785e7-b56a-44e9-b50d-6089704bf516",
    "data": [
      {
        "text": "It\u0027s ok, no delivery",
        "userDefined": false
      }
    ],
    "isTemplate": false,
    "count": 0,
    "lang": "en",
    "updated": 0
  },
  {
    "id": "f5859ea0-f7c1-4399-b7f0-f474b1a8a6ec",
    "data": [
      {
        "text": "I don\u0027t need delivery",
        "userDefined": false
      }
    ],
    "isTemplate": false,
    "count": 0,
    "lang": "en",
    "updated": 0
  },
  {
    "id": "bd5449e6-7235-40ed-a2f7-7a71eb3eaeaa",
    "data": [
      {
        "text": "Myself please",
        "userDefined": false
      }
    ],
    "isTemplate": false,
    "count": 0,
    "lang": "en",
    "updated": 0
  },
  {
    "id": "d6654cc9-5ea3-4a65-897f-b6c5113e8906",
    "data": [
      {
        "text": "Pick-up, how long?",
        "userDefined": false
      }
    ],
    "isTemplate": false,
    "count": 0,
    "lang": "en",
    "updated": 0
  },
  {
    "id": "9480670b-e47e-4a6b-848f-fbd3e4d7cdea",
    "data": [
      {
        "text": "I will head down to pick up my order",
        "userDefined": false
      }
    ],
    "isTemplate": false,
    "count": 0,
    "lang": "en",
    "updated": 0
  },
  {
    "id": "63b24adb-f8f6-4c64-991e-f34991c7698d",
    "data": [
      {
        "text": "I will collect myself my order",
        "userDefined": false
      }
    ],
    "isTemplate": false,
    "count": 0,
    "lang": "en",
    "updated": 0
  },
  {
    "id": "db15af95-8c81-478e-9ea3-6fdd885d86e7",
    "data": [
      {
        "text": "Collection  myself",
        "userDefined": false
      }
    ],
    "isTemplate": false,
    "count": 0,
    "lang": "en",
    "updated": 0
  },
  {
    "id": "e0da0313-40e2-4997-b7a2-f66b7bd46b11",
    "data": [
      {
        "text": "Self-collection please",
        "userDefined": false
      }
    ],
    "isTemplate": false,
    "count": 0,
    "lang": "en",
    "updated": 0
  },
  {
    "id": "f129a0ef-6ece-48de-bd49-5dbb6bd85328",
    "data": [
      {
        "text": "I will self-collect my order",
        "userDefined": false
      }
    ],
    "isTemplate": false,
    "count": 0,
    "lang": "en",
    "updated": 0
  }
]