[
  {
    "id": "dec80222-4967-43a0-84f0-009381865273",
    "data": [
      {
        "text": "I\u0027d like this delivered to my home",
        "userDefined": false
      }
    ],
    "isTemplate": false,
    "count": 0,
    "lang": "en",
    "updated": 0
  },
  {
    "id": "2eed87bf-36a0-44da-af5b-04781e361e2f",
    "data": [
      {
        "text": "Send it directly to me",
        "userDefined": false
      }
    ],
    "isTemplate": false,
    "count": 0,
    "lang": "en",
    "updated": 0
  },
  {
    "id": "c294f53a-c180-47cc-b154-bf8ae1576754",
    "data": [
      {
        "text": "Delivery",
        "userDefined": false
      }
    ],
    "isTemplate": false,
    "count": 0,
    "lang": "en",
    "updated": 0
  },
  {
    "id": "6c5d9e08-fdb7-4dd9-947e-5518dffa4a0c",
    "data": [
      {
        "text": "Do you deliver to this location?",
        "userDefined": false
      }
    ],
    "isTemplate": false,
    "count": 0,
    "lang": "en",
    "updated": 0
  },
  {
    "id": "a3b97dc8-63b4-4ee2-8e37-13dfe4f2faea",
    "data": [
      {
        "text": "I\u0027ll opt-for delivery",
        "userDefined": false
      }
    ],
    "isTemplate": false,
    "count": 0,
    "lang": "en",
    "updated": 0
  },
  {
    "id": "d7311566-70e4-4c8d-ac5d-576e3f528d09",
    "data": [
      {
        "text": "Can you deliver this to me?",
        "userDefined": false
      }
    ],
    "isTemplate": false,
    "count": 0,
    "lang": "en",
    "updated": 0
  },
  {
    "id": "f5eb42c9-5a4a-470f-926b-feff88994c86",
    "data": [
      {
        "text": "I want delivery",
        "userDefined": false
      }
    ],
    "isTemplate": false,
    "count": 0,
    "lang": "en",
    "updated": 0
  },
  {
    "id": "00bb6623-822a-47cb-ab4b-93eb95aa0586",
    "data": [
      {
        "text": "Delivery to my address",
        "userDefined": false
      }
    ],
    "isTemplate": false,
    "count": 0,
    "lang": "en",
    "updated": 0
  },
  {
    "id": "dc767bee-f2e1-4d32-bffb-99d67d462b8e",
    "data": [
      {
        "text": "Can I get this delivered?",
        "userDefined": false
      }
    ],
    "isTemplate": false,
    "count": 0,
    "lang": "en",
    "updated": 0
  },
  {
    "id": "e7f1664b-3318-483d-84f2-ab9f2d6be30b",
    "data": [
      {
        "text": "I\u0027d like delivery please",
        "userDefined": false
      }
    ],
    "isTemplate": false,
    "count": 0,
    "lang": "en",
    "updated": 0
  }
]