[
  {
    "id": "7104243e-59fd-4a2e-9530-9b9f8d044740",
    "data": [
      {
        "text": "Could I have ",
        "userDefined": false
      },
      {
        "text": "egg fried rice",
        "meta": "@Carbohydrate",
        "alias": "Carbohydrate",
        "userDefined": true
      },
      {
        "text": "?",
        "userDefined": false
      }
    ],
    "isTemplate": false,
    "count": 0,
    "lang": "en",
    "updated": 0
  },
  {
    "id": "5bdccb61-2773-4ef0-acf9-a67d29251410",
    "data": [
      {
        "text": "Rice",
        "meta": "@Carbohydrate",
        "alias": "Carbohydrate",
        "userDefined": false
      },
      {
        "text": " sounds perfect",
        "userDefined": false
      }
    ],
    "isTemplate": false,
    "count": 0,
    "lang": "en",
    "updated": 0
  },
  {
    "id": "294e83e9-c167-4243-8efe-665bf50bf514",
    "data": [
      {
        "text": "Ramen",
        "meta": "@Carbohydrate",
        "alias": "Carbohydrate",
        "userDefined": true
      },
      {
        "text": " would be nice",
        "userDefined": false
      }
    ],
    "isTemplate": false,
    "count": 0,
    "lang": "en",
    "updated": 0
  },
  {
    "id": "c70dc7a5-81e8-4d23-a6b2-80b7d6d1c263",
    "data": [
      {
        "text": "Give me an order for ",
        "userDefined": false
      },
      {
        "text": "ramen",
        "meta": "@Carbohydrate",
        "alias": "Carbohydrate",
        "userDefined": true
      },
      {
        "text": " maybe",
        "userDefined": false
      }
    ],
    "isTemplate": false,
    "count": 0,
    "lang": "en",
    "updated": 0
  },
  {
    "id": "c4d06c0b-e8f8-421e-b5a5-78a5ed44c3d5",
    "data": [
      {
        "text": "Give me an order for ",
        "userDefined": false
      },
      {
        "text": "rice",
        "meta": "@Carbohydrate",
        "alias": "Carbohydrate",
        "userDefined": false
      },
      {
        "text": " maybe",
        "userDefined": false
      }
    ],
    "isTemplate": false,
    "count": 0,
    "lang": "en",
    "updated": 0
  },
  {
    "id": "b524df25-0723-45d0-93fa-19dcb66eabc8",
    "data": [
      {
        "text": "Give me an order for ",
        "userDefined": false
      },
      {
        "text": "noodles",
        "meta": "@Carbohydrate",
        "alias": "Carbohydrate",
        "userDefined": false
      },
      {
        "text": " maybe",
        "userDefined": false
      }
    ],
    "isTemplate": false,
    "count": 0,
    "lang": "en",
    "updated": 0
  },
  {
    "id": "887f465b-870b-41a6-8778-f9bf0d0af469",
    "data": [
      {
        "text": "Yes please",
        "userDefined": false
      }
    ],
    "isTemplate": false,
    "count": 0,
    "lang": "en",
    "updated": 0
  },
  {
    "id": "0aa08406-59e6-4ee6-bcdd-4a774b60a441",
    "data": [
      {
        "text": "Ok, I\u0027d like to order that",
        "userDefined": false
      }
    ],
    "isTemplate": false,
    "count": 0,
    "lang": "en",
    "updated": 0
  },
  {
    "id": "36c98f73-abbf-4f5a-9aa0-b5189d0dbb80",
    "data": [
      {
        "text": "I\u0027d like ",
        "userDefined": false
      },
      {
        "text": "fried rice",
        "meta": "@Carbohydrate",
        "alias": "Carbohydrate",
        "userDefined": true
      },
      {
        "text": " with ",
        "userDefined": false
      },
      {
        "text": "seasoned prawns",
        "meta": "@Protein",
        "alias": "Protein",
        "userDefined": true
      },
      {
        "text": ", plus ",
        "userDefined": false
      },
      {
        "text": "brussel sprout,",
        "meta": "@Toppings",
        "alias": "Toppings",
        "userDefined": true
      },
      {
        "text": " ",
        "userDefined": false
      },
      {
        "text": "capsicum",
        "meta": "@Toppings",
        "alias": "Toppings",
        "userDefined": true
      },
      {
        "text": ", and ",
        "userDefined": false
      },
      {
        "text": "edamame",
        "meta": "@Toppings",
        "alias": "Toppings",
        "userDefined": false
      },
      {
        "text": ". ",
        "userDefined": false
      },
      {
        "text": "Mild spice",
        "meta": "@Chilli",
        "alias": "Chilli",
        "userDefined": true
      },
      {
        "text": ", please.",
        "userDefined": false
      }
    ],
    "isTemplate": false,
    "count": 0,
    "lang": "en",
    "updated": 0
  },
  {
    "id": "10e2f66a-e2df-47e4-b03e-c36ab8f6d9ec",
    "data": [
      {
        "text": "I want ",
        "userDefined": false
      },
      {
        "text": "fried rice",
        "meta": "@Carbohydrate",
        "alias": "Carbohydrate",
        "userDefined": true
      },
      {
        "text": " with ",
        "userDefined": false
      },
      {
        "text": "braised beef,",
        "meta": "@Protein",
        "alias": "Protein",
        "userDefined": true
      },
      {
        "text": " with ",
        "userDefined": false
      },
      {
        "text": "capsicum",
        "meta": "@Toppings",
        "alias": "Toppings",
        "userDefined": false
      },
      {
        "text": ", ",
        "userDefined": false
      },
      {
        "text": "edamame",
        "meta": "@Toppings",
        "alias": "Toppings",
        "userDefined": false
      },
      {
        "text": ", and ",
        "userDefined": false
      },
      {
        "text": "shimeji mushroom",
        "meta": "@Toppings",
        "alias": "Toppings",
        "userDefined": true
      },
      {
        "text": ". Make it ",
        "userDefined": false
      },
      {
        "text": "spicy",
        "meta": "@Chilli",
        "alias": "Chilli",
        "userDefined": false
      },
      {
        "text": ".",
        "userDefined": false
      }
    ],
    "isTemplate": false,
    "count": 0,
    "lang": "en",
    "updated": 0
  },
  {
    "id": "eff06d7b-004a-4945-a13d-bed266acb0fe",
    "data": [
      {
        "text": "I\u0027ll take ",
        "userDefined": false
      },
      {
        "text": "ramen",
        "meta": "@Carbohydrate",
        "alias": "Carbohydrate",
        "userDefined": false
      },
      {
        "text": " with ",
        "userDefined": false
      },
      {
        "text": "grilled chicken",
        "meta": "@Protein",
        "alias": "Protein",
        "userDefined": false
      },
      {
        "text": ", plus ",
        "userDefined": false
      },
      {
        "text": "Chinese sausage",
        "meta": "@Toppings",
        "alias": "Toppings",
        "userDefined": false
      },
      {
        "text": ", ",
        "userDefined": false
      },
      {
        "text": "nai bai",
        "meta": "@Toppings",
        "alias": "Toppings",
        "userDefined": true
      },
      {
        "text": ", and ",
        "userDefined": false
      },
      {
        "text": "asparagus",
        "meta": "@Toppings",
        "alias": "Toppings",
        "userDefined": false
      },
      {
        "text": ". ",
        "userDefined": false
      },
      {
        "text": "No chilli.",
        "meta": "@Chilli",
        "alias": "Chilli",
        "userDefined": true
      }
    ],
    "isTemplate": false,
    "count": 0,
    "lang": "en",
    "updated": 0
  },
  {
    "id": "1bc54cc3-e838-4c45-9ae7-86c6ae067f29",
    "data": [
      {
        "text": "Give me ",
        "userDefined": false
      },
      {
        "text": "fried rice",
        "meta": "@Carbohydrate",
        "alias": "Carbohydrate",
        "userDefined": true
      },
      {
        "text": " with ",
        "userDefined": false
      },
      {
        "text": "braised beef",
        "meta": "@Protein",
        "alias": "Protein",
        "userDefined": true
      },
      {
        "text": ", topped with ",
        "userDefined": false
      },
      {
        "text": "nai bai",
        "meta": "@Toppings",
        "alias": "Toppings",
        "userDefined": true
      },
      {
        "text": ", ",
        "userDefined": false
      },
      {
        "text": "shimeji mushroom,",
        "meta": "@Toppings",
        "alias": "Toppings",
        "userDefined": true
      },
      {
        "text": " and ",
        "userDefined": false
      },
      {
        "text": "shiitake mushroom",
        "meta": "@Toppings",
        "alias": "Toppings",
        "userDefined": true
      },
      {
        "text": ". Yes, ",
        "userDefined": false
      },
      {
        "text": "with chilli.",
        "meta": "@Chilli",
        "alias": "Chilli",
        "userDefined": true
      }
    ],
    "isTemplate": false,
    "count": 0,
    "lang": "en",
    "updated": 0
  },
  {
    "id": "a55abe60-e26e-4302-b066-9168c15e558b",
    "data": [
      {
        "text": "Can I get ",
        "userDefined": false
      },
      {
        "text": "udon",
        "meta": "@Carbohydrate",
        "alias": "Carbohydrate",
        "userDefined": true
      },
      {
        "text": " with ",
        "userDefined": false
      },
      {
        "text": "braised beef",
        "meta": "@Protein",
        "alias": "Protein",
        "userDefined": true
      },
      {
        "text": ", with toppings of ",
        "userDefined": false
      },
      {
        "text": "broccoli",
        "meta": "@Toppings",
        "alias": "Toppings",
        "userDefined": false
      },
      {
        "text": ", ",
        "userDefined": false
      },
      {
        "text": "asparagus",
        "meta": "@Toppings",
        "alias": "Toppings",
        "userDefined": false
      },
      {
        "text": ", and ",
        "userDefined": false
      },
      {
        "text": "brussel sprout",
        "meta": "@Toppings",
        "alias": "Toppings",
        "userDefined": true
      },
      {
        "text": "? ",
        "userDefined": false
      },
      {
        "text": "No chilli,",
        "meta": "@Chilli",
        "alias": "Chilli",
        "userDefined": true
      },
      {
        "text": " please",
        "userDefined": false
      }
    ],
    "isTemplate": false,
    "count": 0,
    "lang": "en",
    "updated": 0
  },
  {
    "id": "aa66bead-bb5a-4ddd-a90c-f0dc1efeb723",
    "data": [
      {
        "text": "I\u0027d like to order ",
        "userDefined": false
      },
      {
        "text": "fried rice",
        "meta": "@Carbohydrate",
        "alias": "Carbohydrate",
        "userDefined": true
      },
      {
        "text": " with ",
        "userDefined": false
      },
      {
        "text": "grilled chicken",
        "meta": "@Protein",
        "alias": "Protein",
        "userDefined": true
      },
      {
        "text": ", topped with ",
        "userDefined": false
      },
      {
        "text": "tobiko",
        "meta": "@Toppings",
        "alias": "Toppings",
        "userDefined": true
      },
      {
        "text": ", ",
        "userDefined": false
      },
      {
        "text": "sous vide egg,",
        "meta": "@Toppings",
        "alias": "Toppings",
        "userDefined": true
      },
      {
        "text": " and Chinese ",
        "userDefined": false
      },
      {
        "text": "sausage",
        "meta": "@Toppings",
        "alias": "Toppings",
        "userDefined": false
      },
      {
        "text": ". Make it ",
        "userDefined": false
      },
      {
        "text": "spicy",
        "meta": "@Chilli",
        "alias": "Chilli",
        "userDefined": false
      },
      {
        "text": ".",
        "userDefined": false
      }
    ],
    "isTemplate": false,
    "count": 0,
    "lang": "en",
    "updated": 0
  },
  {
    "id": "1bfea395-c346-478d-b567-36f0ed3de71f",
    "data": [
      {
        "text": "Get me ",
        "userDefined": false
      },
      {
        "text": "udon",
        "meta": "@Carbohydrate",
        "alias": "Carbohydrate",
        "userDefined": true
      },
      {
        "text": " with ",
        "userDefined": false
      },
      {
        "text": "beef",
        "meta": "@Protein",
        "alias": "Protein",
        "userDefined": true
      },
      {
        "text": " and ",
        "userDefined": false
      },
      {
        "text": "no chilli.",
        "meta": "@Chilli",
        "alias": "Chilli",
        "userDefined": true
      }
    ],
    "isTemplate": false,
    "count": 0,
    "lang": "en",
    "updated": 0
  },
  {
    "id": "873100e6-a726-4cec-963f-0561ecfa7fd8",
    "data": [
      {
        "text": "I\u0027d like to place an order for ",
        "userDefined": false
      },
      {
        "text": "fried rice",
        "meta": "@Carbohydrate",
        "alias": "Carbohydrate",
        "userDefined": true
      },
      {
        "text": " with ",
        "userDefined": false
      },
      {
        "text": "chicken",
        "meta": "@Protein",
        "alias": "Protein",
        "userDefined": true
      },
      {
        "text": " and ",
        "userDefined": false
      },
      {
        "text": "medium chilli.",
        "meta": "@Chilli",
        "alias": "Chilli",
        "userDefined": true
      }
    ],
    "isTemplate": false,
    "count": 0,
    "lang": "en",
    "updated": 0
  },
  {
    "id": "acb1274b-5aa5-4d2f-8f58-eceba40136c0",
    "data": [
      {
        "text": "Can I have ",
        "userDefined": false
      },
      {
        "text": "ramen",
        "meta": "@Carbohydrate",
        "alias": "Carbohydrate",
        "userDefined": true
      },
      {
        "text": " with ",
        "userDefined": false
      },
      {
        "text": "vegetables",
        "meta": "@Toppings",
        "alias": "Toppings",
        "userDefined": true
      },
      {
        "text": " and ",
        "userDefined": false
      },
      {
        "text": "spicy",
        "meta": "@Chilli",
        "alias": "Chilli",
        "userDefined": true
      },
      {
        "text": "?",
        "userDefined": false
      }
    ],
    "isTemplate": false,
    "count": 0,
    "lang": "en",
    "updated": 0
  },
  {
    "id": "1c4a7314-3dac-4902-ae22-c5ab72dad087",
    "data": [
      {
        "text": "Order me ",
        "userDefined": false
      },
      {
        "text": "cauliflower rice",
        "meta": "@Carbohydrate",
        "alias": "Carbohydrate",
        "userDefined": true
      },
      {
        "text": " with ",
        "userDefined": false
      },
      {
        "text": "tofu",
        "meta": "@Toppings",
        "alias": "Toppings",
        "userDefined": true
      },
      {
        "text": " and mild ",
        "userDefined": false
      },
      {
        "text": "chilli",
        "meta": "@Chilli",
        "alias": "Chilli",
        "userDefined": true
      },
      {
        "text": ".",
        "userDefined": false
      }
    ],
    "isTemplate": false,
    "count": 0,
    "lang": "en",
    "updated": 0
  },
  {
    "id": "aa2e3a3c-d367-4a0b-a7e9-89b240d5c427",
    "data": [
      {
        "text": "I want ",
        "userDefined": false
      },
      {
        "text": "udon",
        "meta": "@Carbohydrate",
        "alias": "Carbohydrate",
        "userDefined": true
      },
      {
        "text": " with ",
        "userDefined": false
      },
      {
        "text": "shrimp",
        "meta": "@Protein",
        "alias": "Protein",
        "userDefined": true
      },
      {
        "text": " and ",
        "userDefined": false
      },
      {
        "text": "extra spicy",
        "meta": "@Chilli",
        "alias": "Chilli",
        "userDefined": true
      },
      {
        "text": ".",
        "userDefined": false
      }
    ],
    "isTemplate": false,
    "count": 0,
    "lang": "en",
    "updated": 0
  },
  {
    "id": "2549b01b-f92d-42e5-ac21-8e5f468c65b2",
    "data": [
      {
        "text": "Can I get ",
        "userDefined": false
      },
      {
        "text": "fried rice",
        "meta": "@Carbohydrate",
        "alias": "Carbohydrate",
        "userDefined": true
      },
      {
        "text": " with ",
        "userDefined": false
      },
      {
        "text": "beef",
        "meta": "@Protein",
        "alias": "Protein",
        "userDefined": true
      },
      {
        "text": " and ",
        "userDefined": false
      },
      {
        "text": "no chilli?",
        "meta": "@Chilli",
        "alias": "Chilli",
        "userDefined": true
      }
    ],
    "isTemplate": false,
    "count": 0,
    "lang": "en",
    "updated": 0
  },
  {
    "id": "4b12e502-5203-48d0-85c2-18b005903e23",
    "data": [
      {
        "text": "I\u0027d like to order ",
        "userDefined": false
      },
      {
        "text": "noodles",
        "meta": "@Carbohydrate",
        "alias": "Carbohydrate",
        "userDefined": true
      },
      {
        "text": " with ",
        "userDefined": false
      },
      {
        "text": "chicken",
        "meta": "@Protein",
        "alias": "Protein",
        "userDefined": true
      },
      {
        "text": " and ",
        "userDefined": false
      },
      {
        "text": "medium chilli.",
        "meta": "@Chilli",
        "alias": "Chilli",
        "userDefined": true
      }
    ],
    "isTemplate": false,
    "count": 0,
    "lang": "en",
    "updated": 0
  }
]