[
  {
    "id": "83337441-a18a-4f00-9241-54f4236a2f8c",
    "data": [
      {
        "text": "where",
        "userDefined": false
      }
    ],
    "isTemplate": false,
    "count": 0,
    "lang": "en",
    "updated": 0
  },
  {
    "id": "2287233a-5fa7-48f1-88a4-a8dc60a70ffe",
    "data": [
      {
        "text": "where can I eat wok hey?",
        "userDefined": false
      }
    ],
    "isTemplate": false,
    "count": 0,
    "lang": "en",
    "updated": 0
  },
  {
    "id": "267fa97a-74c8-499f-8968-9315fab5b9ed",
    "data": [
      {
        "text": "where does wok hey open at?",
        "userDefined": false
      }
    ],
    "isTemplate": false,
    "count": 0,
    "lang": "en",
    "updated": 0
  },
  {
    "id": "25dc7fcc-fe08-4271-b65d-6af660096878",
    "data": [
      {
        "text": "what time does wok hey open?",
        "userDefined": false
      }
    ],
    "isTemplate": false,
    "count": 0,
    "lang": "en",
    "updated": 0
  },
  {
    "id": "9eff158d-fb1e-45a6-a438-730bc36d59ec",
    "data": [
      {
        "text": "where can find wok hey outlets?",
        "userDefined": false
      }
    ],
    "isTemplate": false,
    "count": 0,
    "lang": "en",
    "updated": 0
  },
  {
    "id": "44d38ef7-2431-430c-81ff-38de7391a422",
    "data": [
      {
        "text": "how big does wok hey cover?",
        "userDefined": false
      }
    ],
    "isTemplate": false,
    "count": 0,
    "lang": "en",
    "updated": 0
  },
  {
    "id": "d27f8458-f506-4d38-a1b0-f801e414a559",
    "data": [
      {
        "text": "what locations do you serve?",
        "userDefined": false
      }
    ],
    "isTemplate": false,
    "count": 0,
    "lang": "en",
    "updated": 0
  },
  {
    "id": "ef749e48-b57e-4856-9437-542718b7e903",
    "data": [
      {
        "text": "are you open everyday?",
        "userDefined": false
      }
    ],
    "isTemplate": false,
    "count": 0,
    "lang": "en",
    "updated": 0
  },
  {
    "id": "b4b6940e-e8ae-4295-ad05-18373c3ac82a",
    "data": [
      {
        "text": "when are you open?",
        "userDefined": false
      }
    ],
    "isTemplate": false,
    "count": 0,
    "lang": "en",
    "updated": 0
  },
  {
    "id": "482df9ea-c25e-4185-91de-cbae108ca34b",
    "data": [
      {
        "text": "where are you open?",
        "userDefined": false
      }
    ],
    "isTemplate": false,
    "count": 0,
    "lang": "en",
    "updated": 0
  },
  {
    "id": "3eb764f7-51f5-4ec7-ad74-86ccf05bc37f",
    "data": [
      {
        "text": "outlets?",
        "userDefined": false
      }
    ],
    "isTemplate": false,
    "count": 0,
    "lang": "en",
    "updated": 0
  },
  {
    "id": "9be33ace-3778-4ee9-b99e-0f68bf59d36c",
    "data": [
      {
        "text": "where are some outlets",
        "userDefined": false
      }
    ],
    "isTemplate": false,
    "count": 0,
    "lang": "en",
    "updated": 0
  },
  {
    "id": "88a1adc9-e54f-4956-beb7-f160ef17ca3b",
    "data": [
      {
        "text": "what time?",
        "userDefined": false
      }
    ],
    "isTemplate": false,
    "count": 0,
    "lang": "en",
    "updated": 0
  },
  {
    "id": "26ff3f0a-ebe8-4b5b-91fa-90a502e292c3",
    "data": [
      {
        "text": "where?",
        "userDefined": false
      }
    ],
    "isTemplate": false,
    "count": 0,
    "lang": "en",
    "updated": 0
  },
  {
    "id": "c854a148-a937-420a-9d63-5cbfad8e5fbc",
    "data": [
      {
        "text": "where has wok hey?",
        "userDefined": false
      }
    ],
    "isTemplate": false,
    "count": 0,
    "lang": "en",
    "updated": 0
  },
  {
    "id": "05ebf580-4934-4396-b912-174c6b1ad4f7",
    "data": [
      {
        "text": "where can wok hey be found?",
        "userDefined": false
      }
    ],
    "isTemplate": false,
    "count": 0,
    "lang": "en",
    "updated": 0
  }
]