[
  {
    "id": "1f969269-6f90-449a-9c93-0c01cf058d9e",
    "data": [
      {
        "text": "much appreciated",
        "userDefined": false
      }
    ],
    "isTemplate": false,
    "count": 0,
    "lang": "en",
    "updated": 0
  },
  {
    "id": "add94aaf-bba4-47a1-9b7f-830180c187e1",
    "data": [
      {
        "text": "Xie Xie",
        "userDefined": false
      }
    ],
    "isTemplate": false,
    "count": 0,
    "lang": "en",
    "updated": 0
  },
  {
    "id": "b22af908-eee3-463f-b50a-5ee7dfa38da0",
    "data": [
      {
        "text": "thanks man",
        "userDefined": false
      }
    ],
    "isTemplate": false,
    "count": 0,
    "lang": "en",
    "updated": 0
  },
  {
    "id": "1395f3da-c910-4836-a741-9e5a22c72349",
    "data": [
      {
        "text": "arigato",
        "userDefined": false
      }
    ],
    "isTemplate": false,
    "count": 0,
    "lang": "en",
    "updated": 0
  },
  {
    "id": "07a21437-daba-40cf-9e62-405d64dfcd41",
    "data": [
      {
        "text": "thanks for your help!",
        "userDefined": false
      }
    ],
    "isTemplate": false,
    "count": 0,
    "lang": "en",
    "updated": 0
  },
  {
    "id": "333de19a-b711-4c62-848d-610fb6256f69",
    "data": [
      {
        "text": "thank you",
        "userDefined": false
      }
    ],
    "isTemplate": false,
    "count": 0,
    "lang": "en",
    "updated": 0
  }
]