[
  {
    "value": "stir-fried rice",
    "synonyms": [
      "rice",
      "japanese rice",
      "jasmine rice",
      "fried rice",
      "premium rice",
      "red rice",
      "brown rice"
    ]
  },
  {
    "value": "stir-fried udon",
    "synonyms": [
      "udon",
      "fresh udon",
      "thick noodle",
      "japanese udon",
      "stir-fried udon",
      "noodles"
    ]
  },
  {
    "value": "stir-fried ramen",
    "synonyms": [
      "ramen",
      "fresh ramen",
      "thin noodle",
      "japanese ramen",
      "stir-fried ramen",
      "noodles"
    ]
  },
  {
    "value": "egg fried rice",
    "synonyms": [
      "egg fried rice",
      "egg"
    ]
  },
  {
    "value": "egg fried cauliflower rice",
    "synonyms": [
      "egg fried cauliflower rice",
      "cauliflower",
      "cauliflower rice",
      "egg cauliflower"
    ]
  },
  {
    "value": "shanghai fried rice",
    "synonyms": [
      "shanghai fried rice",
      "shanghai",
      "shanghai egg"
    ]
  }
]