[
  {
    "value": "chilli",
    "synonyms": [
      "chilli",
      "sambal",
      "balachan",
      "with chilli",
      "yes",
      "spice",
      "mild spice",
      "make it spicy"
    ]
  },
  {
    "value": "no chilli",
    "synonyms": [
      "no chilli",
      "no",
      "without chilli",
      "without"
    ]
  },
  {
    "value": "spicy chilli",
    "synonyms": [
      "spicy chilli",
      "spicy",
      "strong",
      "more chilli"
    ]
  },
  {
    "value": "mild chilli",
    "synonyms": [
      "mild chilli",
      "less chilli",
      "little chilli",
      "little spicy",
      "less spicy"
    ]
  }
]