[
  {
    "value": "Ang Mo Kio",
    "synonyms": [
      "Ang Mo Kio",
      "AMK"
    ]
  },
  {
    "value": "Bishan",
    "synonyms": [
      "Bishan"
    ]
  },
  {
    "value": "Bukit Panjang",
    "synonyms": [
      "Bukit Panjang"
    ]
  },
  {
    "value": "Choa Chu Kang",
    "synonyms": [
      "Choa Chu Kang",
      "CCK"
    ]
  },
  {
    "value": "Bedok",
    "synonyms": [
      "Bedok"
    ]
  },
  {
    "value": "Bugis",
    "synonyms": [
      "Bugis"
    ]
  },
  {
    "value": "Bukit Batok",
    "synonyms": [
      "Bukit Batok"
    ]
  },
  {
    "value": "Jurong East",
    "synonyms": [
      "Jurong East",
      "JE",
      "JEM"
    ]
  },
  {
    "value": "Bukit Merah",
    "synonyms": [
      "Bukit Merah"
    ]
  },
  {
    "value": "Harbourfront",
    "synonyms": [
      "Harbourfront"
    ]
  },
  {
    "value": "Sentosa",
    "synonyms": [
      "Sentosa"
    ]
  },
  {
    "value": "Bukit Timah",
    "synonyms": [
      "Bukit Timah"
    ]
  },
  {
    "value": "Chiantown",
    "synonyms": [
      "Chiantown"
    ]
  },
  {
    "value": "Clarke Quay",
    "synonyms": [
      "Clarke Quay"
    ]
  },
  {
    "value": "Hougang",
    "synonyms": [
      "Hougang"
    ]
  },
  {
    "value": "Jurong West",
    "synonyms": [
      "Jurong West",
      "JW"
    ]
  },
  {
    "value": "Katong",
    "synonyms": [
      "Katong"
    ]
  },
  {
    "value": "Geylang",
    "synonyms": [
      "Geylang"
    ]
  },
  {
    "value": "Novena",
    "synonyms": [
      "Novena"
    ]
  },
  {
    "value": "Toa Payoh",
    "synonyms": [
      "Toa Payoh",
      "TPY"
    ]
  },
  {
    "value": "Queenstown",
    "synonyms": [
      "Queenstown"
    ]
  },
  {
    "value": "Orchard",
    "synonyms": [
      "Orchard"
    ]
  },
  {
    "value": "Tanglin",
    "synonyms": [
      "Tanglin"
    ]
  },
  {
    "value": "Pasir Ris",
    "synonyms": [
      "Pasir Ris"
    ]
  },
  {
    "value": "Changi",
    "synonyms": [
      "Changi"
    ]
  },
  {
    "value": "Simei",
    "synonyms": [
      "Simei"
    ]
  },
  {
    "value": "Sengkang",
    "synonyms": [
      "Sengkang"
    ]
  },
  {
    "value": "Punggol",
    "synonyms": [
      "Punggol"
    ]
  },
  {
    "value": "Tampines",
    "synonyms": [
      "Tampines"
    ]
  },
  {
    "value": "Woodlands",
    "synonyms": [
      "Woodlands",
      "WL",
      "WDL"
    ]
  },
  {
    "value": "Yishun",
    "synonyms": [
      "Yishun"
    ]
  },
  {
    "value": "Clementi",
    "synonyms": [
      "Clementi"
    ]
  },
  {
    "value": "Rochor",
    "synonyms": [
      "Rochor"
    ]
  },
  {
    "value": "Pulau Tekong",
    "synonyms": [
      "Pulau Tekong",
      "Tekong"
    ]
  },
  {
    "value": "Pulau Ubin",
    "synonyms": [
      "Pulau Ubin",
      "Ubin"
    ]
  },
  {
    "value": "Tengah",
    "synonyms": [
      "Tengah"
    ]
  },
  {
    "value": "Bukit Gombak",
    "synonyms": [
      "Bukit Gombak",
      "Gombak"
    ]
  },
  {
    "value": "Marsiling",
    "synonyms": [
      "Marsiling",
      "MSL"
    ]
  },
  {
    "value": "Kranji",
    "synonyms": [
      "Kranji"
    ]
  },
  {
    "value": "Yew Tee",
    "synonyms": [
      "Yew Tee"
    ]
  },
  {
    "value": "Chinese Garden",
    "synonyms": [
      "Chinese Garden"
    ]
  },
  {
    "value": "Lakeside",
    "synonyms": [
      "Lakeside"
    ]
  },
  {
    "value": "Boon Lay",
    "synonyms": [
      "Boon Lay",
      "BL"
    ]
  },
  {
    "value": "Pioneer",
    "synonyms": [
      "Pioneer"
    ]
  },
  {
    "value": "Dover",
    "synonyms": [
      "Dover"
    ]
  },
  {
    "value": "Buona Vista",
    "synonyms": [
      "Buona Vista",
      "BV"
    ]
  },
  {
    "value": "Commonwealth",
    "synonyms": [
      "Commonwealth"
    ]
  },
  {
    "value": "Redhill",
    "synonyms": [
      "Redhill"
    ]
  },
  {
    "value": "Tiong Bahru",
    "synonyms": [
      "Tiong Bahru"
    ]
  },
  {
    "value": "Outram Park",
    "synonyms": [
      "Outram Park",
      "Outram"
    ]
  },
  {
    "value": "Tanjong Pagar",
    "synonyms": [
      "Tanjong Pagar"
    ]
  },
  {
    "value": "Raffles Place",
    "synonyms": [
      "Raffles Place",
      "Raffles"
    ]
  },
  {
    "value": "City Hall",
    "synonyms": [
      "City Hall"
    ]
  },
  {
    "value": "Lavender",
    "synonyms": [
      "Lavender"
    ]
  },
  {
    "value": "Kallang",
    "synonyms": [
      "Kallang"
    ]
  },
  {
    "value": "Paya Lebar",
    "synonyms": [
      "Paya Lebar"
    ]
  },
  {
    "value": "Euons",
    "synonyms": [
      "Euons"
    ]
  },
  {
    "value": "Kembangan",
    "synonyms": [
      "Kembangan"
    ]
  },
  {
    "value": "Tanah Merah",
    "synonyms": [
      "Tanah Merah"
    ]
  },
  {
    "value": "Changi Airport",
    "synonyms": [
      "Changi Airport",
      "Changi"
    ]
  },
  {
    "value": "Springleaf",
    "synonyms": [
      "Springleaf"
    ]
  },
  {
    "value": "Lentor",
    "synonyms": [
      "Lentor"
    ]
  },
  {
    "value": "Mayflower",
    "synonyms": [
      "Mayflower"
    ]
  },
  {
    "value": "Bright Hill",
    "synonyms": [
      "Bright Hill"
    ]
  },
  {
    "value": "Upper Thomson",
    "synonyms": [
      "Upper Thomson",
      "Thomson"
    ]
  },
  {
    "value": "Caldecott",
    "synonyms": [
      "Caldecott"
    ]
  },
  {
    "value": "Stevens",
    "synonyms": [
      "Stevens"
    ]
  },
  {
    "value": "Napier",
    "synonyms": [
      "Napier"
    ]
  },
  {
    "value": "Orchard Boulevard",
    "synonyms": [
      "Orchard Boulevard"
    ]
  },
  {
    "value": "Great World",
    "synonyms": [
      "Great World"
    ]
  },
  {
    "value": "Havelock",
    "synonyms": [
      "Havelock"
    ]
  },
  {
    "value": "Maxwell",
    "synonyms": [
      "Maxwell"
    ]
  },
  {
    "value": "Shenton Way",
    "synonyms": [
      "Shenton Way",
      "Shenton",
      "SGX"
    ]
  },
  {
    "value": "Gardens By The Bay",
    "synonyms": [
      "Gardens By The Bay",
      "GBTB"
    ]
  },
  {
    "value": "Tanjong Rhu",
    "synonyms": [
      "Tanjong Rhu"
    ]
  },
  {
    "value": "Katong Park",
    "synonyms": [
      "Katong Park"
    ]
  },
  {
    "value": "Tanjong Katong",
    "synonyms": [
      "Tanjong Katong"
    ]
  },
  {
    "value": "Marine Parade",
    "synonyms": [
      "Marine Parade",
      "MP"
    ]
  },
  {
    "value": "Marine Terrace",
    "synonyms": [
      "Marine Terrace"
    ]
  },
  {
    "value": "Siglap",
    "synonyms": [
      "Siglap"
    ]
  },
  {
    "value": "Bedok South",
    "synonyms": [
      "Bedok South"
    ]
  },
  {
    "value": "Bayshore",
    "synonyms": [
      "Bayshore"
    ]
  },
  {
    "value": "Sungei Bedok",
    "synonyms": [
      "Sungei Bedok"
    ]
  },
  {
    "value": "Cashew",
    "synonyms": [
      "Cashew"
    ]
  },
  {
    "value": "Hillview",
    "synonyms": [
      "Hillview"
    ]
  },
  {
    "value": "Hume",
    "synonyms": [
      "Hume"
    ]
  },
  {
    "value": "Beauty World",
    "synonyms": [
      "Beauty World",
      "Beauty"
    ]
  },
  {
    "value": "King Albert Park",
    "synonyms": [
      "King Albert Park",
      "KAP"
    ]
  },
  {
    "value": "Sixth Avenue",
    "synonyms": [
      "Sixth Avenue"
    ]
  },
  {
    "value": "Tan Kah Kee",
    "synonyms": [
      "Tan Kah Kee"
    ]
  },
  {
    "value": "Botanic Gardens",
    "synonyms": [
      "Botanic Gardens"
    ]
  },
  {
    "value": "Little India",
    "synonyms": [
      "Little India",
      "India"
    ]
  },
  {
    "value": "Promenade",
    "synonyms": [
      "Promenade"
    ]
  },
  {
    "value": "Bayfront",
    "synonyms": [
      "Bayfront",
      "Marina Bay Sands",
      "MBS"
    ]
  },
  {
    "value": "Telok Ayer",
    "synonyms": [
      "Telok Ayer"
    ]
  },
  {
    "value": "Downtown",
    "synonyms": [
      "Downtown"
    ]
  },
  {
    "value": "Chinatown",
    "synonyms": [
      "Chinatown",
      "China"
    ]
  },
  {
    "value": "Fort Canning",
    "synonyms": [
      "Fort Canning",
      "Fort",
      "Canning"
    ]
  },
  {
    "value": "Bendemeer",
    "synonyms": [
      "Bendemeer"
    ]
  },
  {
    "value": "Bencoolen",
    "synonyms": [
      "Bencoolen"
    ]
  },
  {
    "value": "Mattar",
    "synonyms": [
      "Mattar"
    ]
  },
  {
    "value": "Geylang Bahru",
    "synonyms": [
      "Geylang Bahru"
    ]
  },
  {
    "value": "MacPherson",
    "synonyms": [
      "MacPherson"
    ]
  },
  {
    "value": "Ubi",
    "synonyms": [
      "Ubi"
    ]
  },
  {
    "value": "Kaki Bukit",
    "synonyms": [
      "Kaki Bukit"
    ]
  },
  {
    "value": "Bedok North",
    "synonyms": [
      "Bedok North"
    ]
  },
  {
    "value": "Bedok Reservoir",
    "synonyms": [
      "Bedok Reservoir"
    ]
  },
  {
    "value": "Tampines West",
    "synonyms": [
      "Tampines West"
    ]
  },
  {
    "value": "Upper Changi",
    "synonyms": [
      "Upper Changi"
    ]
  },
  {
    "value": "Tampines East",
    "synonyms": [
      "Tampines East"
    ]
  },
  {
    "value": "Expo",
    "synonyms": [
      "Expo",
      "Singapore Expo"
    ]
  },
  {
    "value": "Xilin",
    "synonyms": [
      "Xilin"
    ]
  },
  {
    "value": "Admiralty",
    "synonyms": [
      "Admiralty"
    ]
  },
  {
    "value": "Sembawang",
    "synonyms": [
      "Sembawang",
      "SBW"
    ]
  },
  {
    "value": "Canberra",
    "synonyms": [
      "Canberra"
    ]
  },
  {
    "value": "Khatib",
    "synonyms": [
      "Khatib"
    ]
  },
  {
    "value": "Yio Chu Kang",
    "synonyms": [
      "Yio Chu Kang",
      "YCK"
    ]
  },
  {
    "value": "Braddell",
    "synonyms": [
      "Braddell"
    ]
  },
  {
    "value": "Somerset",
    "synonyms": [
      "Somerset"
    ]
  },
  {
    "value": "Dhoby Ghaut",
    "synonyms": [
      "Dhoby Ghaut"
    ]
  },
  {
    "value": "Marina South Pier",
    "synonyms": [
      "Marina South Pier"
    ]
  },
  {
    "value": "Punggol Coast",
    "synonyms": [
      "Punggol Coast"
    ]
  },
  {
    "value": "Buangkok",
    "synonyms": [
      "Buangkok"
    ]
  },
  {
    "value": "Kovan",
    "synonyms": [
      "Kovan"
    ]
  },
  {
    "value": "Serangoon",
    "synonyms": [
      "Serangoon"
    ]
  },
  {
    "value": "Woodleigh",
    "synonyms": [
      "Woodleigh"
    ]
  },
  {
    "value": "Potong Pasir",
    "synonyms": [
      "Potong Pasir"
    ]
  },
  {
    "value": "Boon Keng",
    "synonyms": [
      "Boon Keng"
    ]
  },
  {
    "value": "Farrer Park",
    "synonyms": [
      "Farrer Park"
    ]
  },
  {
    "value": "Telok Blangah",
    "synonyms": [
      "Telok Blangah"
    ]
  },
  {
    "value": "Labrador Park",
    "synonyms": [
      "Labrador Park",
      "Labrador"
    ]
  },
  {
    "value": "Pasir Panjang",
    "synonyms": [
      "Pasir Panjang"
    ]
  },
  {
    "value": "Haw Par Villa",
    "synonyms": [
      "Haw Par Villa"
    ]
  },
  {
    "value": "Kent Ridge",
    "synonyms": [
      "Kent Ridge",
      "NUS",
      "NUH"
    ]
  },
  {
    "value": "One-North",
    "synonyms": [
      "One-North",
      "One North"
    ]
  },
  {
    "value": "Holland Village",
    "synonyms": [
      "Holland Village",
      "HV"
    ]
  },
  {
    "value": "Farrer Road",
    "synonyms": [
      "Farrer Road"
    ]
  },
  {
    "value": "Marymount",
    "synonyms": [
      "Marymount"
    ]
  },
  {
    "value": "Lorong Chuan",
    "synonyms": [
      "Lorong Chuan"
    ]
  },
  {
    "value": "Bartley",
    "synonyms": [
      "Bartley"
    ]
  },
  {
    "value": "Tai Seng",
    "synonyms": [
      "Tai Seng"
    ]
  },
  {
    "value": "Dakota",
    "synonyms": [
      "Dakota"
    ]
  },
  {
    "value": "Stadium",
    "synonyms": [
      "Stadium"
    ]
  },
  {
    "value": "Mountbatten",
    "synonyms": [
      "Mountbatten"
    ]
  },
  {
    "value": "Nicoll Highway",
    "synonyms": [
      "Nicoll Highway"
    ]
  },
  {
    "value": "Esplanade",
    "synonyms": [
      "Esplanade"
    ]
  },
  {
    "value": "Bras Basah",
    "synonyms": [
      "Bras Basah",
      "SMU"
    ]
  }
]