[
  {
    "value": "AMK Hub",
    "synonyms": [
      "AMK Hub",
      "Ang Mo Kio"
    ]
  },
  {
    "value": "Alexandra Retail Centre",
    "synonyms": [
      "Alexandra Retail Centre",
      "ARC",
      "Labrador Park",
      "Labrador"
    ]
  },
  {
    "value": "Bedok Mall",
    "synonyms": [
      "Bedok Mall",
      "Bedok"
    ]
  },
  {
    "value": "Bugis Junction",
    "synonyms": [
      "Bugis Junction",
      "Bugis"
    ]
  },
  {
    "value": "Bukit Batok MRT",
    "synonyms": [
      "Bukit Batok MRT",
      "Bukit Batok"
    ]
  },
  {
    "value": "Bukit Panjang Plaza",
    "synonyms": [
      "Bukit Panjang Plaza",
      "Bukit Panjang"
    ]
  },
  {
    "value": "Causeway Point",
    "synonyms": [
      "Causeway Point",
      "CWP",
      "Woodlands"
    ]
  },
  {
    "value": "Changi City Point",
    "synonyms": [
      "Changi City Point",
      "CBP",
      "Changi Business Park",
      "Changi"
    ]
  },
  {
    "value": "Chinatown Point",
    "synonyms": [
      "Chinatown Point",
      "Chinatown"
    ]
  },
  {
    "value": "City Square Mall",
    "synonyms": [
      "City Square Mall",
      "Kitchener",
      "Farrer Park"
    ]
  },
  {
    "value": "The Clementi Mall",
    "synonyms": [
      "The Clementi Mall",
      "Clementi"
    ]
  },
  {
    "value": "Compass One",
    "synonyms": [
      "Compass One",
      "Sengkang"
    ]
  },
  {
    "value": "Funan",
    "synonyms": [
      "Funan",
      "City Hall",
      "Funan Mall"
    ]
  },
  {
    "value": "Guoco Tower",
    "synonyms": [
      "Guoco Tower",
      "Tanjong Pagar",
      "Guoco"
    ]
  },
  {
    "value": "Heartland Mall",
    "synonyms": [
      "Heartland Mall",
      "Hougang"
    ]
  },
  {
    "value": "Hougang Mall",
    "synonyms": [
      "Hougang Mall",
      "Hougang"
    ]
  },
  {
    "value": "IMM",
    "synonyms": [
      "IMM",
      "Jurong East"
    ]
  },
  {
    "value": "JEM",
    "synonyms": [
      "JEM",
      "Jurong East Mall",
      "Jurong East"
    ]
  },
  {
    "value": "Jurong Point",
    "synonyms": [
      "Jurong Point",
      "Boon Lay"
    ]
  },
  {
    "value": "Junction 8",
    "synonyms": [
      "Junction 8",
      "Bishan"
    ]
  },
  {
    "value": "One@KentRidge",
    "synonyms": [
      "One@KentRidge",
      "Kent Ridge"
    ]
  },
  {
    "value": "Lot One",
    "synonyms": [
      "Lot One",
      "CCK",
      "Choa Chu Kang"
    ]
  },
  {
    "value": "NEX",
    "synonyms": [
      "Serangoon",
      "NEX"
    ]
  },
  {
    "value": "Northpoint City",
    "synonyms": [
      "Northpoint City",
      "Northpoint",
      "Yishun"
    ]
  },
  {
    "value": "Velocity@Novena Square",
    "synonyms": [
      "Velocity@Novena Square",
      "Velocity",
      "Novena"
    ]
  },
  {
    "value": "Paya Lebar Square",
    "synonyms": [
      "Paya Lebar Square",
      "Paya Lebar"
    ]
  },
  {
    "value": "Parkway Parade",
    "synonyms": [
      "Parkway Parade",
      "Marine Parade"
    ]
  },
  {
    "value": "Plaza Singapura",
    "synonyms": [
      "Plaza Singapura",
      "Dhoby Ghaut"
    ]
  },
  {
    "value": "Raffles City",
    "synonyms": [
      "Raffles City",
      "Raffies Place"
    ]
  },
  {
    "value": "Republic Plaza",
    "synonyms": [
      "Republic Plaza",
      "Raffles Place"
    ]
  },
  {
    "value": "Simei MRT",
    "synonyms": [
      "Simei MRT",
      "Simei"
    ]
  },
  {
    "value": "Sun Plaza",
    "synonyms": [
      "Sun Plaza",
      "Sembawang"
    ]
  },
  {
    "value": "Suntec City",
    "synonyms": [
      "Suntec City",
      "Suntec",
      "Promenade",
      "Esplanade"
    ]
  },
  {
    "value": "Our Tampines Hub",
    "synonyms": [
      "Our Tampines Hub",
      "Tampines",
      "Tampines Hub"
    ]
  },
  {
    "value": "Tampines 1",
    "synonyms": [
      "Tampines 1",
      "Tampines"
    ]
  },
  {
    "value": "Tiong Bahru Plaza",
    "synonyms": [
      "Tiong Bahru Plaza",
      "Tiong Bahru"
    ]
  },
  {
    "value": "Vivocity",
    "synonyms": [
      "Vivocity",
      "Harbourfront"
    ]
  },
  {
    "value": "Waterway Point",
    "synonyms": [
      "Waterway Point",
      "Punggol"
    ]
  },
  {
    "value": "White Sands",
    "synonyms": [
      "White Sands",
      "Pasir Ris"
    ]
  },
  {
    "value": "The Woodleigh Mall",
    "synonyms": [
      "The Woodleigh Mall",
      "Bidadari",
      "Woodleigh"
    ]
  }
]