[
  {
    "value": "53 Ang Mo Kio Ave 3, #01-36, Singapore 569933",
    "synonyms": [
      "53 Ang Mo Kio Ave 3, #01-36, Singapore 569933",
      "AMK Hub",
      "Ang Mo Kio"
    ]
  },
  {
    "value": "460 Alexandra Rd, #01-12 Alexandra Retail Centre (ARC), Singapore 119963",
    "synonyms": [
      "460 Alexandra Rd, #01-12 Alexandra Retail Centre (ARC), Singapore 119963",
      "Alexendra Retail Centre",
      "ARC",
      "Labrador Park",
      "Labrador"
    ]
  },
  {
    "value": "311 New Upper Changi Rd, B2-K9 Bedok Mall, Singapore 467360",
    "synonyms": [
      "311 New Upper Changi Rd, B2-K9 Bedok Mall, Singapore 467360",
      "Bedok Mall",
      "Bedok"
    ]
  },
  {
    "value": "200 Victoria St, B1-K02 Bugis Junction, Singapore 188021",
    "synonyms": [
      "200 Victoria St, B1-K02 Bugis Junction, Singapore 188021",
      "Bugis Junction",
      "Bugis"
    ]
  },
  {
    "value": "10 Bukit Batok Central, #01-15 MRT Station, Singapore 659958",
    "synonyms": [
      "10 Bukit Batok Central, #01-15 MRT Station, Singapore 659958",
      "Bukit Batok MRT",
      "Bukit Batok"
    ]
  },
  {
    "value": "1 Jelebu Rd, #01-69 Bukit Panjang Plaza, Singapore 677743",
    "synonyms": [
      "1 Jelebu Rd, #01-69 Bukit Panjang Plaza, Singapore 677743",
      "Bukit Panjang Plaza",
      "Bukit Panjang"
    ]
  },
  {
    "value": "1 Woodlands Square, B1-K13 Causeway Point, Singapore 738099",
    "synonyms": [
      "1 Woodlands Square, B1-K13 Causeway Point, Singapore 738099",
      "Causeway Point",
      "CWP",
      "Woodlands"
    ]
  },
  {
    "value": "5 Changi Business Park Central 1, #B1-07 Changi City Point, Singapore 486038",
    "synonyms": [
      "5 Changi Business Park Central 1, #B1-07 Changi City Point, Singapore 486038",
      "Changi City Point",
      "CBP",
      "Changi Business Park",
      "Changi"
    ]
  },
  {
    "value": "133 New Bridge Rd, B1-52C, Singapore 059413",
    "synonyms": [
      "133 New Bridge Rd, B1-52C, Singapore 059413",
      "Chinatown Point",
      "Chinatown"
    ]
  },
  {
    "value": "180 Kitchener Rd, #B1 - 36, Singapore 208539",
    "synonyms": [
      "180 Kitchener Rd, #B1 - 36, Singapore 208539",
      "City Square Mall",
      "Farrer Park",
      "Kitchener"
    ]
  },
  {
    "value": "3155 Commonwealth Ave W, #B1-K22 The Clementi Mall, Singapore 129588",
    "synonyms": [
      "3155 Commonwealth Ave W, #B1-K22 The Clementi Mall, Singapore 129588",
      "The Clementi Mall",
      "Clementi"
    ]
  },
  {
    "value": "1 Sengkang Square, #B1-42 Compass One, Singapore 545078",
    "synonyms": [
      "1 Sengkang Square, #B1-42 Compass One, Singapore 545078",
      "Compass One",
      "Sengkang"
    ]
  },
  {
    "value": "107 N Bridge Road, #B2-K1, Singapore 179105",
    "synonyms": [
      "Funan",
      "107 N Bridge Road, #B2-K1, Singapore 179105",
      "Funan Mall"
    ]
  },
  {
    "value": "7 Wallich St, #B2 - 21 Guoco Tower, Singapore 078884",
    "synonyms": [
      "7 Wallich St, #B2 - 21 Guoco Tower, Singapore 078884",
      "Guoco Tower",
      "Tanjong Pagar",
      "Guoco"
    ]
  },
  {
    "value": "205 Hougang St 21, Singapore 530205",
    "synonyms": [
      "205 Hougang St 21, Singapore 530205",
      "Heartland Mall",
      "Hougang"
    ]
  },
  {
    "value": "90 Hougang Ave 10, #01-40 Hougang Mall, Singapore 538766",
    "synonyms": [
      "90 Hougang Ave 10, #01-40 Hougang Mall, Singapore 538766",
      "Hougang Mall",
      "Hougang"
    ]
  },
  {
    "value": "2 Jurong East Street 21, #01-K02 IMM Building, Singapore 609601",
    "synonyms": [
      "2 Jurong East Street 21, #01-K02 IMM Building, Singapore 609601",
      "IMM",
      "Jurong East"
    ]
  },
  {
    "value": "50 Jurong Gateway Rd, B1-K10 Jem, Singapore 608549",
    "synonyms": [
      "50 Jurong Gateway Rd, B1-K10 Jem, Singapore 608549",
      "JEM",
      "Jurong East Mall",
      "Jurong East"
    ]
  },
  {
    "value": "63 Jurong West Central 3, #03-89G Shopping Centre, Jurong Point, Singapore 648331",
    "synonyms": [
      "63 Jurong West Central 3, #03-89G Shopping Centre, Jurong Point, Singapore 648331",
      "Jurong Point",
      "Boon Lay"
    ]
  },
  {
    "value": "9 Bishan Pl, #B1-11 Junction 8, Singapore 579837",
    "synonyms": [
      "9 Bishan Pl, #B1-11 Junction 8, Singapore 579837",
      "Junction 8",
      "J8"
    ]
  },
  {
    "value": "1 Lower Kent Ridge Rd, #01-25, Singapore 119082",
    "synonyms": [
      "1 Lower Kent Ridge Rd, #01-25, Singapore 119082",
      "One@KentRidge",
      "Kent Ridge"
    ]
  },
  {
    "value": "21 Choa Chu Kang Ave 4, B1-K27 Lot One, Singapore 689812",
    "synonyms": [
      "21 Choa Chu Kang Ave 4, B1-K27 Lot One, Singapore 689812",
      "Lot One",
      "CCK",
      "Choa Chu Kang"
    ]
  },
  {
    "value": "23 Serangoon Central, #B2-10 NEX, Singapore 556083",
    "synonyms": [
      "23 Serangoon Central, #B2-10 NEX, Singapore 556083",
      "NEX",
      "Serangoon"
    ]
  },
  {
    "value": "930 Yishun Avenue 2, #B1-41, Northpoint City North Wing, 769098",
    "synonyms": [
      "930 Yishun Avenue 2, #B1-41, Northpoint City North Wing, 769098",
      "Northpoint City",
      "Northpoint",
      "Yishun"
    ]
  },
  {
    "value": "238 Thomson Rd, #01-23, Singapore 307683",
    "synonyms": [
      "238 Thomson Rd, #01-23, Singapore 307683",
      "Velocity@Novena Square",
      "Velocity",
      "Novena"
    ]
  },
  {
    "value": "60 Paya Lebar Rd, #01-62 Paya Lebar Square, Singapore 409051",
    "synonyms": [
      "60 Paya Lebar Rd, #01-62 Paya Lebar Square, Singapore 409051",
      "Paya Lebar Square",
      "Paya LEbar"
    ]
  },
  {
    "value": "80 Marine Parade Rd, #01-K9 Parkway Parade, Singapore 449269",
    "synonyms": [
      "80 Marine Parade Rd, #01-K9 Parkway Parade, Singapore 449269",
      "Parkway Parade",
      "Marine Parade"
    ]
  },
  {
    "value": "68 Orchard Rd, #B2-31, Singapore 238839",
    "synonyms": [
      "68 Orchard Rd, #B2-31, Singapore 238839",
      "Plaza Singapura",
      "Dhoby Ghaut"
    ]
  },
  {
    "value": "252 N Bridge Rd, #B1-72, Singapore 179103",
    "synonyms": [
      "252 N Bridge Rd, #B1-72, Singapore 179103",
      "Raffles City",
      "Raffles Place"
    ]
  },
  {
    "value": "9 Raffles Pl, #B1-15 Republic Plaza, Singapore 048619",
    "synonyms": [
      "9 Raffles Pl, #B1-15 Republic Plaza, Singapore 048619",
      "Republic Plaza",
      "Raffles Place"
    ]
  },
  {
    "value": "30 Simei Street 3, #01-03, Simei MRT, Station, Singapore 529888",
    "synonyms": [
      "30 Simei Street 3, #01-03, Simei MRT, Station, Singapore 529888",
      "Simei MRT",
      "Simei"
    ]
  },
  {
    "value": "30 Sembawang Dr, #B1-39 Sun Plaza, Singapore 757713",
    "synonyms": [
      "30 Sembawang Dr, #B1-39 Sun Plaza, Singapore 757713",
      "Sun Plaza",
      "Sembawang"
    ]
  },
  {
    "value": "3 Temasek Boulevard, Mall, #02-615 Suntec City, 038983",
    "synonyms": [
      "3 Temasek Boulevard, Mall, #02-615 Suntec City, 038983",
      "Suntec City",
      "Suntec",
      "Promenade",
      "Esplanade"
    ]
  },
  {
    "value": "1 Tampines Walk, #01-82A, Singapore 528523",
    "synonyms": [
      "1 Tampines Walk, #01-82A, Singapore 528523",
      "Our Tampines Hub",
      "Tampines Hub",
      "Tampines"
    ]
  },
  {
    "value": "10 Tampines Central 1, #B1-K12, Singapore 529536",
    "synonyms": [
      "10 Tampines Central 1, #B1-K12, Singapore 529536",
      "Tampines 1",
      "Tampines"
    ]
  },
  {
    "value": "302 Tiong Bahru Rd, B1-113 Tiong Bahru Plaza, Singapore 168732",
    "synonyms": [
      "302 Tiong Bahru Rd, B1-113 Tiong Bahru Plaza, Singapore 168732",
      "Tiong Bahru Plaza",
      "Tiong Bahru"
    ]
  },
  {
    "value": "1 HarbourFront Walk, B2-K23 VivoCity, Singapore 098585",
    "synonyms": [
      "1 HarbourFront Walk, B2-K23 VivoCity, Singapore 098585",
      "Vivocity",
      "Habourfront"
    ]
  },
  {
    "value": "83 Punggol Central, #01-K6 Waterway Point East Wing, Singapore 828761",
    "synonyms": [
      "83 Punggol Central, #01-K6 Waterway Point East Wing, Singapore 828761",
      "Waterway Point",
      "Punggol"
    ]
  },
  {
    "value": "1 Pasir Ris Central St 3, B1-K05 White Sands, Singapore 518457",
    "synonyms": [
      "1 Pasir Ris Central St 3, B1-K05 White Sands, Singapore 518457",
      "White Sands",
      "Pasir Ris"
    ]
  },
  {
    "value": "11 Bidadari Park Dr, B1-K4, Singapore 367803",
    "synonyms": [
      "11 Bidadari Park Dr, B1-K4, Singapore 367803",
      "The Woodleigh Mall",
      "Woodleigh"
    ]
  }
]