[
  {
    "value": "tobiko",
    "synonyms": [
      "tobiko",
      "japanese roe",
      "roe",
      "flying fish roe",
      "japanese flying fish roe",
      "ikura",
      "orange balls"
    ]
  },
  {
    "value": "sous vide egg",
    "synonyms": [
      "sous vide egg",
      "half-boiled egg",
      "egg",
      "onsen egg",
      "slow-cooked egg",
      "sous",
      "vide"
    ]
  },
  {
    "value": "chinese sausage",
    "synonyms": [
      "chinese sausage",
      "sausage",
      "hot dog"
    ]
  },
  {
    "value": "asparagus",
    "synonyms": [
      "asparagus"
    ]
  },
  {
    "value": "broccoli",
    "synonyms": [
      "broccoli",
      "brocs",
      "broc"
    ]
  },
  {
    "value": "brussel sprout",
    "synonyms": [
      "brussel sprout",
      "brussel"
    ]
  },
  {
    "value": "capsicum",
    "synonyms": [
      "capsicum",
      "bell pepper"
    ]
  },
  {
    "value": "edamame",
    "synonyms": [
      "edamame",
      "beans"
    ]
  },
  {
    "value": "kale",
    "synonyms": [
      "kale"
    ]
  },
  {
    "value": "nai bai",
    "synonyms": [
      "nai bai",
      "nai",
      "bai"
    ]
  },
  {
    "value": "shimeji mushroom",
    "synonyms": [
      "shimeji mushroom",
      "shimeji",
      "mushroom"
    ]
  },
  {
    "value": "shiitake mushroom",
    "synonyms": [
      "shiitake mushroom",
      "shiitake",
      "mushroom"
    ]
  },
  {
    "value": "no toppings",
    "synonyms": [
      "no toppings",
      "none",
      "nil",
      "na",
      "no"
    ]
  }
]